data_provider,data_provider_url,source_id,catalog_record_id
Spring Brand,https://springbrand.ai/,A,catalog-0001
Spring Brand,https://springbrand.ai/,A,catalog-0002
Spring Brand,https://springbrand.ai/,A,catalog-0003
Spring Brand,https://springbrand.ai/,A,catalog-0004
Spring Brand,https://springbrand.ai/,A,catalog-0005
Spring Brand,https://springbrand.ai/,A,catalog-0006
Spring Brand,https://springbrand.ai/,A,catalog-0007
Spring Brand,https://springbrand.ai/,A,catalog-0008
Spring Brand,https://springbrand.ai/,A,catalog-0009
Spring Brand,https://springbrand.ai/,A,catalog-0010
Spring Brand,https://springbrand.ai/,A,catalog-0011
Spring Brand,https://springbrand.ai/,A,catalog-0012
Spring Brand,https://springbrand.ai/,A,catalog-0013
Spring Brand,https://springbrand.ai/,A,catalog-0014
Spring Brand,https://springbrand.ai/,A,catalog-0015
Spring Brand,https://springbrand.ai/,A,catalog-0016
Spring Brand,https://springbrand.ai/,A,catalog-0017
Spring Brand,https://springbrand.ai/,A,catalog-0018
Spring Brand,https://springbrand.ai/,A,catalog-0019
Spring Brand,https://springbrand.ai/,A,catalog-0020
Spring Brand,https://springbrand.ai/,A,catalog-0021
Spring Brand,https://springbrand.ai/,A,catalog-0022
Spring Brand,https://springbrand.ai/,A,catalog-0023
Spring Brand,https://springbrand.ai/,A,catalog-0024
Spring Brand,https://springbrand.ai/,A,catalog-0025
Spring Brand,https://springbrand.ai/,A,catalog-0026
Spring Brand,https://springbrand.ai/,A,catalog-0027
Spring Brand,https://springbrand.ai/,A,catalog-0028
Spring Brand,https://springbrand.ai/,A,catalog-0029
Spring Brand,https://springbrand.ai/,A,catalog-0030
Spring Brand,https://springbrand.ai/,A,catalog-0031
Spring Brand,https://springbrand.ai/,A,catalog-0032
Spring Brand,https://springbrand.ai/,A,catalog-0033
Spring Brand,https://springbrand.ai/,A,catalog-0034
Spring Brand,https://springbrand.ai/,A,catalog-0035
Spring Brand,https://springbrand.ai/,A,catalog-0036
Spring Brand,https://springbrand.ai/,A,catalog-0037
Spring Brand,https://springbrand.ai/,A,catalog-0038
Spring Brand,https://springbrand.ai/,A,catalog-0039
Spring Brand,https://springbrand.ai/,A,catalog-0040
Spring Brand,https://springbrand.ai/,A,catalog-0041
Spring Brand,https://springbrand.ai/,A,catalog-0042
Spring Brand,https://springbrand.ai/,A,catalog-0043
Spring Brand,https://springbrand.ai/,A,catalog-0044
Spring Brand,https://springbrand.ai/,A,catalog-0045
Spring Brand,https://springbrand.ai/,A,catalog-0046
Spring Brand,https://springbrand.ai/,A,catalog-0047
Spring Brand,https://springbrand.ai/,A,catalog-0048
Spring Brand,https://springbrand.ai/,A,catalog-0049
Spring Brand,https://springbrand.ai/,A,catalog-0050
Spring Brand,https://springbrand.ai/,A,catalog-0051
Spring Brand,https://springbrand.ai/,A,catalog-0052
Spring Brand,https://springbrand.ai/,A,catalog-0053
Spring Brand,https://springbrand.ai/,A,catalog-0054
Spring Brand,https://springbrand.ai/,A,catalog-0055
Spring Brand,https://springbrand.ai/,A,catalog-0056
Spring Brand,https://springbrand.ai/,A,catalog-0057
Spring Brand,https://springbrand.ai/,A,catalog-0058
Spring Brand,https://springbrand.ai/,A,catalog-0059
Spring Brand,https://springbrand.ai/,A,catalog-0060
Spring Brand,https://springbrand.ai/,A,catalog-0061
Spring Brand,https://springbrand.ai/,A,catalog-0062
Spring Brand,https://springbrand.ai/,A,catalog-0063
Spring Brand,https://springbrand.ai/,A,catalog-0064
Spring Brand,https://springbrand.ai/,A,catalog-0065
Spring Brand,https://springbrand.ai/,A,catalog-0066
Spring Brand,https://springbrand.ai/,A,catalog-0067
Spring Brand,https://springbrand.ai/,A,catalog-0068
Spring Brand,https://springbrand.ai/,A,catalog-0069
Spring Brand,https://springbrand.ai/,A,catalog-0070
Spring Brand,https://springbrand.ai/,A,catalog-0071
Spring Brand,https://springbrand.ai/,A,catalog-0072
Spring Brand,https://springbrand.ai/,A,catalog-0073
Spring Brand,https://springbrand.ai/,A,catalog-0074
Spring Brand,https://springbrand.ai/,A,catalog-0075
Spring Brand,https://springbrand.ai/,A,catalog-0076
Spring Brand,https://springbrand.ai/,A,catalog-0077
Spring Brand,https://springbrand.ai/,A,catalog-0078
Spring Brand,https://springbrand.ai/,A,catalog-0079
Spring Brand,https://springbrand.ai/,A,catalog-0080
Spring Brand,https://springbrand.ai/,A,catalog-0081
Spring Brand,https://springbrand.ai/,A,catalog-0082
Spring Brand,https://springbrand.ai/,A,catalog-0083
Spring Brand,https://springbrand.ai/,A,catalog-0084
Spring Brand,https://springbrand.ai/,A,catalog-0085
Spring Brand,https://springbrand.ai/,A,catalog-0086
Spring Brand,https://springbrand.ai/,A,catalog-0087
Spring Brand,https://springbrand.ai/,A,catalog-0088
Spring Brand,https://springbrand.ai/,A,catalog-0089
Spring Brand,https://springbrand.ai/,A,catalog-0090
Spring Brand,https://springbrand.ai/,A,catalog-0091
Spring Brand,https://springbrand.ai/,A,catalog-0092
Spring Brand,https://springbrand.ai/,A,catalog-0093
Spring Brand,https://springbrand.ai/,A,catalog-0094
Spring Brand,https://springbrand.ai/,A,catalog-0095
Spring Brand,https://springbrand.ai/,A,catalog-0096
Spring Brand,https://springbrand.ai/,A,catalog-0097
Spring Brand,https://springbrand.ai/,A,catalog-0098
Spring Brand,https://springbrand.ai/,A,catalog-0099
Spring Brand,https://springbrand.ai/,A,catalog-0100
Spring Brand,https://springbrand.ai/,A,catalog-0101
Spring Brand,https://springbrand.ai/,A,catalog-0102
Spring Brand,https://springbrand.ai/,A,catalog-0103
Spring Brand,https://springbrand.ai/,A,catalog-0104
Spring Brand,https://springbrand.ai/,A,catalog-0105
Spring Brand,https://springbrand.ai/,A,catalog-0106
Spring Brand,https://springbrand.ai/,A,catalog-0107
Spring Brand,https://springbrand.ai/,A,catalog-0108
Spring Brand,https://springbrand.ai/,A,catalog-0109
Spring Brand,https://springbrand.ai/,A,catalog-0110
Spring Brand,https://springbrand.ai/,A,catalog-0111
Spring Brand,https://springbrand.ai/,A,catalog-0112
Spring Brand,https://springbrand.ai/,A,catalog-0113
Spring Brand,https://springbrand.ai/,A,catalog-0114
Spring Brand,https://springbrand.ai/,A,catalog-0115
Spring Brand,https://springbrand.ai/,A,catalog-0116
Spring Brand,https://springbrand.ai/,A,catalog-0117
Spring Brand,https://springbrand.ai/,A,catalog-0118
Spring Brand,https://springbrand.ai/,A,catalog-0119
Spring Brand,https://springbrand.ai/,A,catalog-0120
Spring Brand,https://springbrand.ai/,A,catalog-0121
Spring Brand,https://springbrand.ai/,A,catalog-0122
Spring Brand,https://springbrand.ai/,A,catalog-0123
Spring Brand,https://springbrand.ai/,A,catalog-0124
Spring Brand,https://springbrand.ai/,A,catalog-0125
Spring Brand,https://springbrand.ai/,A,catalog-0126
Spring Brand,https://springbrand.ai/,A,catalog-0127
Spring Brand,https://springbrand.ai/,A,catalog-0128
Spring Brand,https://springbrand.ai/,A,catalog-0129
Spring Brand,https://springbrand.ai/,A,catalog-0130
Spring Brand,https://springbrand.ai/,A,catalog-0131
Spring Brand,https://springbrand.ai/,A,catalog-0132
Spring Brand,https://springbrand.ai/,A,catalog-0133
Spring Brand,https://springbrand.ai/,A,catalog-0134
Spring Brand,https://springbrand.ai/,A,catalog-0135
Spring Brand,https://springbrand.ai/,A,catalog-0136
Spring Brand,https://springbrand.ai/,A,catalog-0137
Spring Brand,https://springbrand.ai/,A,catalog-0138
Spring Brand,https://springbrand.ai/,A,catalog-0139
Spring Brand,https://springbrand.ai/,A,catalog-0140
Spring Brand,https://springbrand.ai/,A,catalog-0141
Spring Brand,https://springbrand.ai/,A,catalog-0142
Spring Brand,https://springbrand.ai/,A,catalog-0143
Spring Brand,https://springbrand.ai/,A,catalog-0144
Spring Brand,https://springbrand.ai/,A,catalog-0145
Spring Brand,https://springbrand.ai/,A,catalog-0146
Spring Brand,https://springbrand.ai/,A,catalog-0147
Spring Brand,https://springbrand.ai/,A,catalog-0148
Spring Brand,https://springbrand.ai/,A,catalog-0149
Spring Brand,https://springbrand.ai/,A,catalog-0150
Spring Brand,https://springbrand.ai/,A,catalog-0151
Spring Brand,https://springbrand.ai/,A,catalog-0152
Spring Brand,https://springbrand.ai/,A,catalog-0153
Spring Brand,https://springbrand.ai/,A,catalog-0154
Spring Brand,https://springbrand.ai/,A,catalog-0155
Spring Brand,https://springbrand.ai/,A,catalog-0156
Spring Brand,https://springbrand.ai/,A,catalog-0157
Spring Brand,https://springbrand.ai/,A,catalog-0158
Spring Brand,https://springbrand.ai/,A,catalog-0159
Spring Brand,https://springbrand.ai/,A,catalog-0160
Spring Brand,https://springbrand.ai/,A,catalog-0161
Spring Brand,https://springbrand.ai/,A,catalog-0162
Spring Brand,https://springbrand.ai/,A,catalog-0163
Spring Brand,https://springbrand.ai/,A,catalog-0164
Spring Brand,https://springbrand.ai/,A,catalog-0165
Spring Brand,https://springbrand.ai/,A,catalog-0166
Spring Brand,https://springbrand.ai/,A,catalog-0167
Spring Brand,https://springbrand.ai/,A,catalog-0168
Spring Brand,https://springbrand.ai/,A,catalog-0169
Spring Brand,https://springbrand.ai/,A,catalog-0170
Spring Brand,https://springbrand.ai/,A,catalog-0171
Spring Brand,https://springbrand.ai/,A,catalog-0172
Spring Brand,https://springbrand.ai/,A,catalog-0173
Spring Brand,https://springbrand.ai/,A,catalog-0174
Spring Brand,https://springbrand.ai/,A,catalog-0175
Spring Brand,https://springbrand.ai/,A,catalog-0176
Spring Brand,https://springbrand.ai/,A,catalog-0177
Spring Brand,https://springbrand.ai/,A,catalog-0178
Spring Brand,https://springbrand.ai/,A,catalog-0179
Spring Brand,https://springbrand.ai/,A,catalog-0180
Spring Brand,https://springbrand.ai/,A,catalog-0181
Spring Brand,https://springbrand.ai/,A,catalog-0182
Spring Brand,https://springbrand.ai/,A,catalog-0183
Spring Brand,https://springbrand.ai/,A,catalog-0184
Spring Brand,https://springbrand.ai/,A,catalog-0185
Spring Brand,https://springbrand.ai/,A,catalog-0186
Spring Brand,https://springbrand.ai/,A,catalog-0187
Spring Brand,https://springbrand.ai/,A,catalog-0188
Spring Brand,https://springbrand.ai/,A,catalog-0189
Spring Brand,https://springbrand.ai/,A,catalog-0190
Spring Brand,https://springbrand.ai/,A,catalog-0191
Spring Brand,https://springbrand.ai/,A,catalog-0192
Spring Brand,https://springbrand.ai/,A,catalog-0193
Spring Brand,https://springbrand.ai/,A,catalog-0194
Spring Brand,https://springbrand.ai/,A,catalog-0195
Spring Brand,https://springbrand.ai/,A,catalog-0196
Spring Brand,https://springbrand.ai/,A,catalog-0197
Spring Brand,https://springbrand.ai/,A,catalog-0198
Spring Brand,https://springbrand.ai/,A,catalog-0199
Spring Brand,https://springbrand.ai/,A,catalog-0200
Spring Brand,https://springbrand.ai/,A,catalog-0201
Spring Brand,https://springbrand.ai/,A,catalog-0202
Spring Brand,https://springbrand.ai/,A,catalog-0203
Spring Brand,https://springbrand.ai/,A,catalog-0204
Spring Brand,https://springbrand.ai/,A,catalog-0205
Spring Brand,https://springbrand.ai/,A,catalog-0206
Spring Brand,https://springbrand.ai/,A,catalog-0207
Spring Brand,https://springbrand.ai/,A,catalog-0208
Spring Brand,https://springbrand.ai/,A,catalog-0209
Spring Brand,https://springbrand.ai/,A,catalog-0210
Spring Brand,https://springbrand.ai/,A,catalog-0211
Spring Brand,https://springbrand.ai/,A,catalog-0212
Spring Brand,https://springbrand.ai/,A,catalog-0213
Spring Brand,https://springbrand.ai/,A,catalog-0214
Spring Brand,https://springbrand.ai/,A,catalog-0215
Spring Brand,https://springbrand.ai/,A,catalog-0216
Spring Brand,https://springbrand.ai/,A,catalog-0217
Spring Brand,https://springbrand.ai/,A,catalog-0218
Spring Brand,https://springbrand.ai/,A,catalog-0219
Spring Brand,https://springbrand.ai/,A,catalog-0220
Spring Brand,https://springbrand.ai/,A,catalog-0221
Spring Brand,https://springbrand.ai/,A,catalog-0222
Spring Brand,https://springbrand.ai/,A,catalog-0223
Spring Brand,https://springbrand.ai/,A,catalog-0224
Spring Brand,https://springbrand.ai/,A,catalog-0225
Spring Brand,https://springbrand.ai/,A,catalog-0226
Spring Brand,https://springbrand.ai/,A,catalog-0227
Spring Brand,https://springbrand.ai/,A,catalog-0228
Spring Brand,https://springbrand.ai/,A,catalog-0229
Spring Brand,https://springbrand.ai/,A,catalog-0230
Spring Brand,https://springbrand.ai/,A,catalog-0231
Spring Brand,https://springbrand.ai/,A,catalog-0232
Spring Brand,https://springbrand.ai/,A,catalog-0233
Spring Brand,https://springbrand.ai/,A,catalog-0234
Spring Brand,https://springbrand.ai/,A,catalog-0235
Spring Brand,https://springbrand.ai/,A,catalog-0236
Spring Brand,https://springbrand.ai/,A,catalog-0237
Spring Brand,https://springbrand.ai/,A,catalog-0238
Spring Brand,https://springbrand.ai/,A,catalog-0239
Spring Brand,https://springbrand.ai/,A,catalog-0240
Spring Brand,https://springbrand.ai/,A,catalog-0241
Spring Brand,https://springbrand.ai/,A,catalog-0242
Spring Brand,https://springbrand.ai/,A,catalog-0243
Spring Brand,https://springbrand.ai/,A,catalog-0244
Spring Brand,https://springbrand.ai/,A,catalog-0245
Spring Brand,https://springbrand.ai/,A,catalog-0246
Spring Brand,https://springbrand.ai/,A,catalog-0247
Spring Brand,https://springbrand.ai/,A,catalog-0248
Spring Brand,https://springbrand.ai/,A,catalog-0249
Spring Brand,https://springbrand.ai/,A,catalog-0250
Spring Brand,https://springbrand.ai/,A,catalog-0251
Spring Brand,https://springbrand.ai/,A,catalog-0252
Spring Brand,https://springbrand.ai/,A,catalog-0253
Spring Brand,https://springbrand.ai/,A,catalog-0254
Spring Brand,https://springbrand.ai/,A,catalog-0255
Spring Brand,https://springbrand.ai/,A,catalog-0256
Spring Brand,https://springbrand.ai/,A,catalog-0257
Spring Brand,https://springbrand.ai/,A,catalog-0258
Spring Brand,https://springbrand.ai/,A,catalog-0259
Spring Brand,https://springbrand.ai/,A,catalog-0260
Spring Brand,https://springbrand.ai/,A,catalog-0261
Spring Brand,https://springbrand.ai/,A,catalog-0262
Spring Brand,https://springbrand.ai/,A,catalog-0263
Spring Brand,https://springbrand.ai/,A,catalog-0264
Spring Brand,https://springbrand.ai/,A,catalog-0265
Spring Brand,https://springbrand.ai/,A,catalog-0266
Spring Brand,https://springbrand.ai/,A,catalog-0267
Spring Brand,https://springbrand.ai/,A,catalog-0268
Spring Brand,https://springbrand.ai/,A,catalog-0269
Spring Brand,https://springbrand.ai/,A,catalog-0270
Spring Brand,https://springbrand.ai/,A,catalog-0271
Spring Brand,https://springbrand.ai/,A,catalog-0272
Spring Brand,https://springbrand.ai/,A,catalog-0273
Spring Brand,https://springbrand.ai/,A,catalog-0274
Spring Brand,https://springbrand.ai/,A,catalog-0275
Spring Brand,https://springbrand.ai/,A,catalog-0276
Spring Brand,https://springbrand.ai/,A,catalog-0277
Spring Brand,https://springbrand.ai/,A,catalog-0278
Spring Brand,https://springbrand.ai/,A,catalog-0279
Spring Brand,https://springbrand.ai/,A,catalog-0280
Spring Brand,https://springbrand.ai/,A,catalog-0281
Spring Brand,https://springbrand.ai/,A,catalog-0282
Spring Brand,https://springbrand.ai/,A,catalog-0283
Spring Brand,https://springbrand.ai/,A,catalog-0284
Spring Brand,https://springbrand.ai/,A,catalog-0285
Spring Brand,https://springbrand.ai/,A,catalog-0286
Spring Brand,https://springbrand.ai/,A,catalog-0287
Spring Brand,https://springbrand.ai/,A,catalog-0288
Spring Brand,https://springbrand.ai/,A,catalog-0289
Spring Brand,https://springbrand.ai/,A,catalog-0290
Spring Brand,https://springbrand.ai/,A,catalog-0291
Spring Brand,https://springbrand.ai/,A,catalog-0292
Spring Brand,https://springbrand.ai/,A,catalog-0293
Spring Brand,https://springbrand.ai/,A,catalog-0294
Spring Brand,https://springbrand.ai/,A,catalog-0295
Spring Brand,https://springbrand.ai/,B,catalog-0296
Spring Brand,https://springbrand.ai/,B,catalog-0297
Spring Brand,https://springbrand.ai/,B,catalog-0298
Spring Brand,https://springbrand.ai/,B,catalog-0299
Spring Brand,https://springbrand.ai/,B,catalog-0300
Spring Brand,https://springbrand.ai/,B,catalog-0301
Spring Brand,https://springbrand.ai/,B,catalog-0302
Spring Brand,https://springbrand.ai/,B,catalog-0303
Spring Brand,https://springbrand.ai/,B,catalog-0304
Spring Brand,https://springbrand.ai/,B,catalog-0305
Spring Brand,https://springbrand.ai/,B,catalog-0306
Spring Brand,https://springbrand.ai/,B,catalog-0307
Spring Brand,https://springbrand.ai/,B,catalog-0308
Spring Brand,https://springbrand.ai/,B,catalog-0309
Spring Brand,https://springbrand.ai/,B,catalog-0310
Spring Brand,https://springbrand.ai/,B,catalog-0311
Spring Brand,https://springbrand.ai/,B,catalog-0312
Spring Brand,https://springbrand.ai/,B,catalog-0313
Spring Brand,https://springbrand.ai/,B,catalog-0314
Spring Brand,https://springbrand.ai/,B,catalog-0315
Spring Brand,https://springbrand.ai/,B,catalog-0316
Spring Brand,https://springbrand.ai/,B,catalog-0317
Spring Brand,https://springbrand.ai/,B,catalog-0318
Spring Brand,https://springbrand.ai/,B,catalog-0319
Spring Brand,https://springbrand.ai/,B,catalog-0320
Spring Brand,https://springbrand.ai/,B,catalog-0321
Spring Brand,https://springbrand.ai/,B,catalog-0322
Spring Brand,https://springbrand.ai/,B,catalog-0323
Spring Brand,https://springbrand.ai/,B,catalog-0324
Spring Brand,https://springbrand.ai/,B,catalog-0325
Spring Brand,https://springbrand.ai/,B,catalog-0326
Spring Brand,https://springbrand.ai/,B,catalog-0327
Spring Brand,https://springbrand.ai/,B,catalog-0328
Spring Brand,https://springbrand.ai/,B,catalog-0329
Spring Brand,https://springbrand.ai/,B,catalog-0330
Spring Brand,https://springbrand.ai/,B,catalog-0331
Spring Brand,https://springbrand.ai/,B,catalog-0332
Spring Brand,https://springbrand.ai/,B,catalog-0333
Spring Brand,https://springbrand.ai/,B,catalog-0334
Spring Brand,https://springbrand.ai/,B,catalog-0335
Spring Brand,https://springbrand.ai/,B,catalog-0336
Spring Brand,https://springbrand.ai/,B,catalog-0337
Spring Brand,https://springbrand.ai/,B,catalog-0338
Spring Brand,https://springbrand.ai/,B,catalog-0339
Spring Brand,https://springbrand.ai/,B,catalog-0340
Spring Brand,https://springbrand.ai/,B,catalog-0341
Spring Brand,https://springbrand.ai/,B,catalog-0342
Spring Brand,https://springbrand.ai/,B,catalog-0343
Spring Brand,https://springbrand.ai/,B,catalog-0344
Spring Brand,https://springbrand.ai/,B,catalog-0345
Spring Brand,https://springbrand.ai/,B,catalog-0346
Spring Brand,https://springbrand.ai/,B,catalog-0347
Spring Brand,https://springbrand.ai/,B,catalog-0348
Spring Brand,https://springbrand.ai/,B,catalog-0349
Spring Brand,https://springbrand.ai/,B,catalog-0350
Spring Brand,https://springbrand.ai/,B,catalog-0351
Spring Brand,https://springbrand.ai/,B,catalog-0352
Spring Brand,https://springbrand.ai/,B,catalog-0353
Spring Brand,https://springbrand.ai/,B,catalog-0354
Spring Brand,https://springbrand.ai/,B,catalog-0355
Spring Brand,https://springbrand.ai/,B,catalog-0356
Spring Brand,https://springbrand.ai/,B,catalog-0357
Spring Brand,https://springbrand.ai/,B,catalog-0358
Spring Brand,https://springbrand.ai/,B,catalog-0359
Spring Brand,https://springbrand.ai/,B,catalog-0360
Spring Brand,https://springbrand.ai/,B,catalog-0361
Spring Brand,https://springbrand.ai/,B,catalog-0362
Spring Brand,https://springbrand.ai/,B,catalog-0363
Spring Brand,https://springbrand.ai/,B,catalog-0364
Spring Brand,https://springbrand.ai/,B,catalog-0365
Spring Brand,https://springbrand.ai/,B,catalog-0366
Spring Brand,https://springbrand.ai/,B,catalog-0367
Spring Brand,https://springbrand.ai/,B,catalog-0368
Spring Brand,https://springbrand.ai/,B,catalog-0369
Spring Brand,https://springbrand.ai/,B,catalog-0370
Spring Brand,https://springbrand.ai/,B,catalog-0371
Spring Brand,https://springbrand.ai/,B,catalog-0372
Spring Brand,https://springbrand.ai/,B,catalog-0373
Spring Brand,https://springbrand.ai/,B,catalog-0374
Spring Brand,https://springbrand.ai/,B,catalog-0375
Spring Brand,https://springbrand.ai/,B,catalog-0376
Spring Brand,https://springbrand.ai/,B,catalog-0377
Spring Brand,https://springbrand.ai/,B,catalog-0378
Spring Brand,https://springbrand.ai/,B,catalog-0379
Spring Brand,https://springbrand.ai/,B,catalog-0380
Spring Brand,https://springbrand.ai/,B,catalog-0381
Spring Brand,https://springbrand.ai/,B,catalog-0382
Spring Brand,https://springbrand.ai/,B,catalog-0383
Spring Brand,https://springbrand.ai/,B,catalog-0384
Spring Brand,https://springbrand.ai/,B,catalog-0385
Spring Brand,https://springbrand.ai/,B,catalog-0386
Spring Brand,https://springbrand.ai/,B,catalog-0387
Spring Brand,https://springbrand.ai/,B,catalog-0388
Spring Brand,https://springbrand.ai/,B,catalog-0389
Spring Brand,https://springbrand.ai/,B,catalog-0390
Spring Brand,https://springbrand.ai/,B,catalog-0391
Spring Brand,https://springbrand.ai/,B,catalog-0392
Spring Brand,https://springbrand.ai/,B,catalog-0393
Spring Brand,https://springbrand.ai/,B,catalog-0394
Spring Brand,https://springbrand.ai/,B,catalog-0395
Spring Brand,https://springbrand.ai/,B,catalog-0396
Spring Brand,https://springbrand.ai/,B,catalog-0397
Spring Brand,https://springbrand.ai/,B,catalog-0398
Spring Brand,https://springbrand.ai/,B,catalog-0399
Spring Brand,https://springbrand.ai/,B,catalog-0400
Spring Brand,https://springbrand.ai/,B,catalog-0401
Spring Brand,https://springbrand.ai/,B,catalog-0402
Spring Brand,https://springbrand.ai/,B,catalog-0403
Spring Brand,https://springbrand.ai/,B,catalog-0404
Spring Brand,https://springbrand.ai/,B,catalog-0405
Spring Brand,https://springbrand.ai/,B,catalog-0406
Spring Brand,https://springbrand.ai/,B,catalog-0407
Spring Brand,https://springbrand.ai/,B,catalog-0408
Spring Brand,https://springbrand.ai/,B,catalog-0409
Spring Brand,https://springbrand.ai/,B,catalog-0410
Spring Brand,https://springbrand.ai/,B,catalog-0411
Spring Brand,https://springbrand.ai/,B,catalog-0412
Spring Brand,https://springbrand.ai/,B,catalog-0413
Spring Brand,https://springbrand.ai/,B,catalog-0414
Spring Brand,https://springbrand.ai/,B,catalog-0415
Spring Brand,https://springbrand.ai/,B,catalog-0416
Spring Brand,https://springbrand.ai/,B,catalog-0417
Spring Brand,https://springbrand.ai/,B,catalog-0418
Spring Brand,https://springbrand.ai/,B,catalog-0419
Spring Brand,https://springbrand.ai/,B,catalog-0420
Spring Brand,https://springbrand.ai/,B,catalog-0421
Spring Brand,https://springbrand.ai/,B,catalog-0422
Spring Brand,https://springbrand.ai/,B,catalog-0423
Spring Brand,https://springbrand.ai/,B,catalog-0424
Spring Brand,https://springbrand.ai/,B,catalog-0425
Spring Brand,https://springbrand.ai/,B,catalog-0426
Spring Brand,https://springbrand.ai/,B,catalog-0427
Spring Brand,https://springbrand.ai/,B,catalog-0428
Spring Brand,https://springbrand.ai/,B,catalog-0429
Spring Brand,https://springbrand.ai/,B,catalog-0430
Spring Brand,https://springbrand.ai/,B,catalog-0431
Spring Brand,https://springbrand.ai/,B,catalog-0432
Spring Brand,https://springbrand.ai/,B,catalog-0433
Spring Brand,https://springbrand.ai/,B,catalog-0434
Spring Brand,https://springbrand.ai/,B,catalog-0435
Spring Brand,https://springbrand.ai/,B,catalog-0436
Spring Brand,https://springbrand.ai/,B,catalog-0437
Spring Brand,https://springbrand.ai/,B,catalog-0438
Spring Brand,https://springbrand.ai/,B,catalog-0439
Spring Brand,https://springbrand.ai/,B,catalog-0440
Spring Brand,https://springbrand.ai/,B,catalog-0441
Spring Brand,https://springbrand.ai/,B,catalog-0442
Spring Brand,https://springbrand.ai/,B,catalog-0443
Spring Brand,https://springbrand.ai/,B,catalog-0444
Spring Brand,https://springbrand.ai/,B,catalog-0445
Spring Brand,https://springbrand.ai/,B,catalog-0446
Spring Brand,https://springbrand.ai/,B,catalog-0447
Spring Brand,https://springbrand.ai/,B,catalog-0448
Spring Brand,https://springbrand.ai/,B,catalog-0449
Spring Brand,https://springbrand.ai/,B,catalog-0450
Spring Brand,https://springbrand.ai/,B,catalog-0451
Spring Brand,https://springbrand.ai/,B,catalog-0452
Spring Brand,https://springbrand.ai/,B,catalog-0453
Spring Brand,https://springbrand.ai/,B,catalog-0454
Spring Brand,https://springbrand.ai/,B,catalog-0455
Spring Brand,https://springbrand.ai/,B,catalog-0456
Spring Brand,https://springbrand.ai/,B,catalog-0457
Spring Brand,https://springbrand.ai/,B,catalog-0458
Spring Brand,https://springbrand.ai/,B,catalog-0459
Spring Brand,https://springbrand.ai/,B,catalog-0460
Spring Brand,https://springbrand.ai/,B,catalog-0461
Spring Brand,https://springbrand.ai/,B,catalog-0462
Spring Brand,https://springbrand.ai/,B,catalog-0463
Spring Brand,https://springbrand.ai/,B,catalog-0464
Spring Brand,https://springbrand.ai/,B,catalog-0465
Spring Brand,https://springbrand.ai/,B,catalog-0466
Spring Brand,https://springbrand.ai/,B,catalog-0467
Spring Brand,https://springbrand.ai/,B,catalog-0468
Spring Brand,https://springbrand.ai/,B,catalog-0469
Spring Brand,https://springbrand.ai/,B,catalog-0470
Spring Brand,https://springbrand.ai/,B,catalog-0471
Spring Brand,https://springbrand.ai/,B,catalog-0472
Spring Brand,https://springbrand.ai/,B,catalog-0473
Spring Brand,https://springbrand.ai/,B,catalog-0474
Spring Brand,https://springbrand.ai/,B,catalog-0475
Spring Brand,https://springbrand.ai/,B,catalog-0476
Spring Brand,https://springbrand.ai/,B,catalog-0477
Spring Brand,https://springbrand.ai/,B,catalog-0478
Spring Brand,https://springbrand.ai/,B,catalog-0479
Spring Brand,https://springbrand.ai/,B,catalog-0480
Spring Brand,https://springbrand.ai/,B,catalog-0481
Spring Brand,https://springbrand.ai/,B,catalog-0482
Spring Brand,https://springbrand.ai/,B,catalog-0483
Spring Brand,https://springbrand.ai/,B,catalog-0484
Spring Brand,https://springbrand.ai/,B,catalog-0485
Spring Brand,https://springbrand.ai/,B,catalog-0486
Spring Brand,https://springbrand.ai/,B,catalog-0487
Spring Brand,https://springbrand.ai/,B,catalog-0488
Spring Brand,https://springbrand.ai/,B,catalog-0489
Spring Brand,https://springbrand.ai/,B,catalog-0490
Spring Brand,https://springbrand.ai/,B,catalog-0491
Spring Brand,https://springbrand.ai/,B,catalog-0492
Spring Brand,https://springbrand.ai/,B,catalog-0493
Spring Brand,https://springbrand.ai/,B,catalog-0494
Spring Brand,https://springbrand.ai/,B,catalog-0495
Spring Brand,https://springbrand.ai/,B,catalog-0496
Spring Brand,https://springbrand.ai/,B,catalog-0497
Spring Brand,https://springbrand.ai/,B,catalog-0498
Spring Brand,https://springbrand.ai/,B,catalog-0499
Spring Brand,https://springbrand.ai/,B,catalog-0500
Spring Brand,https://springbrand.ai/,B,catalog-0501
Spring Brand,https://springbrand.ai/,B,catalog-0502
Spring Brand,https://springbrand.ai/,B,catalog-0503
Spring Brand,https://springbrand.ai/,B,catalog-0504
Spring Brand,https://springbrand.ai/,B,catalog-0505
Spring Brand,https://springbrand.ai/,B,catalog-0506
Spring Brand,https://springbrand.ai/,B,catalog-0507
Spring Brand,https://springbrand.ai/,B,catalog-0508
Spring Brand,https://springbrand.ai/,B,catalog-0509
Spring Brand,https://springbrand.ai/,B,catalog-0510
Spring Brand,https://springbrand.ai/,B,catalog-0511
Spring Brand,https://springbrand.ai/,B,catalog-0512
Spring Brand,https://springbrand.ai/,B,catalog-0513
Spring Brand,https://springbrand.ai/,B,catalog-0514
Spring Brand,https://springbrand.ai/,B,catalog-0515
Spring Brand,https://springbrand.ai/,B,catalog-0516
Spring Brand,https://springbrand.ai/,B,catalog-0517
Spring Brand,https://springbrand.ai/,B,catalog-0518
Spring Brand,https://springbrand.ai/,B,catalog-0519
Spring Brand,https://springbrand.ai/,B,catalog-0520
Spring Brand,https://springbrand.ai/,B,catalog-0521
Spring Brand,https://springbrand.ai/,B,catalog-0522
Spring Brand,https://springbrand.ai/,B,catalog-0523
Spring Brand,https://springbrand.ai/,B,catalog-0524
Spring Brand,https://springbrand.ai/,B,catalog-0525
Spring Brand,https://springbrand.ai/,B,catalog-0526
Spring Brand,https://springbrand.ai/,B,catalog-0527
Spring Brand,https://springbrand.ai/,B,catalog-0528
Spring Brand,https://springbrand.ai/,B,catalog-0529
Spring Brand,https://springbrand.ai/,B,catalog-0530
Spring Brand,https://springbrand.ai/,B,catalog-0531
Spring Brand,https://springbrand.ai/,B,catalog-0532
Spring Brand,https://springbrand.ai/,B,catalog-0533
Spring Brand,https://springbrand.ai/,B,catalog-0534
Spring Brand,https://springbrand.ai/,B,catalog-0535
Spring Brand,https://springbrand.ai/,B,catalog-0536
Spring Brand,https://springbrand.ai/,B,catalog-0537
Spring Brand,https://springbrand.ai/,B,catalog-0538
Spring Brand,https://springbrand.ai/,B,catalog-0539
Spring Brand,https://springbrand.ai/,B,catalog-0540
Spring Brand,https://springbrand.ai/,B,catalog-0541
Spring Brand,https://springbrand.ai/,B,catalog-0542
Spring Brand,https://springbrand.ai/,B,catalog-0543
Spring Brand,https://springbrand.ai/,B,catalog-0544
Spring Brand,https://springbrand.ai/,B,catalog-0545
Spring Brand,https://springbrand.ai/,B,catalog-0546
Spring Brand,https://springbrand.ai/,B,catalog-0547
Spring Brand,https://springbrand.ai/,B,catalog-0548
Spring Brand,https://springbrand.ai/,B,catalog-0549
Spring Brand,https://springbrand.ai/,B,catalog-0550
Spring Brand,https://springbrand.ai/,B,catalog-0551
Spring Brand,https://springbrand.ai/,B,catalog-0552
Spring Brand,https://springbrand.ai/,B,catalog-0553
Spring Brand,https://springbrand.ai/,B,catalog-0554
Spring Brand,https://springbrand.ai/,B,catalog-0555
Spring Brand,https://springbrand.ai/,B,catalog-0556
Spring Brand,https://springbrand.ai/,B,catalog-0557
Spring Brand,https://springbrand.ai/,B,catalog-0558
Spring Brand,https://springbrand.ai/,B,catalog-0559
Spring Brand,https://springbrand.ai/,B,catalog-0560
Spring Brand,https://springbrand.ai/,B,catalog-0561
Spring Brand,https://springbrand.ai/,B,catalog-0562
Spring Brand,https://springbrand.ai/,B,catalog-0563
Spring Brand,https://springbrand.ai/,B,catalog-0564
Spring Brand,https://springbrand.ai/,B,catalog-0565
Spring Brand,https://springbrand.ai/,B,catalog-0566
Spring Brand,https://springbrand.ai/,B,catalog-0567
Spring Brand,https://springbrand.ai/,B,catalog-0568
Spring Brand,https://springbrand.ai/,B,catalog-0569
Spring Brand,https://springbrand.ai/,B,catalog-0570
Spring Brand,https://springbrand.ai/,B,catalog-0571
Spring Brand,https://springbrand.ai/,B,catalog-0572
Spring Brand,https://springbrand.ai/,B,catalog-0573
Spring Brand,https://springbrand.ai/,B,catalog-0574
Spring Brand,https://springbrand.ai/,B,catalog-0575
Spring Brand,https://springbrand.ai/,C,catalog-0576
Spring Brand,https://springbrand.ai/,C,catalog-0577
Spring Brand,https://springbrand.ai/,C,catalog-0578
Spring Brand,https://springbrand.ai/,C,catalog-0579
Spring Brand,https://springbrand.ai/,C,catalog-0580
Spring Brand,https://springbrand.ai/,C,catalog-0581
Spring Brand,https://springbrand.ai/,C,catalog-0582
Spring Brand,https://springbrand.ai/,C,catalog-0583
Spring Brand,https://springbrand.ai/,C,catalog-0584
Spring Brand,https://springbrand.ai/,C,catalog-0585
Spring Brand,https://springbrand.ai/,C,catalog-0586
Spring Brand,https://springbrand.ai/,C,catalog-0587
Spring Brand,https://springbrand.ai/,C,catalog-0588
Spring Brand,https://springbrand.ai/,C,catalog-0589
Spring Brand,https://springbrand.ai/,C,catalog-0590
Spring Brand,https://springbrand.ai/,C,catalog-0591
Spring Brand,https://springbrand.ai/,C,catalog-0592
Spring Brand,https://springbrand.ai/,C,catalog-0593
Spring Brand,https://springbrand.ai/,C,catalog-0594
Spring Brand,https://springbrand.ai/,C,catalog-0595
Spring Brand,https://springbrand.ai/,C,catalog-0596
Spring Brand,https://springbrand.ai/,C,catalog-0597
Spring Brand,https://springbrand.ai/,C,catalog-0598
Spring Brand,https://springbrand.ai/,C,catalog-0599
Spring Brand,https://springbrand.ai/,C,catalog-0600
Spring Brand,https://springbrand.ai/,C,catalog-0601
Spring Brand,https://springbrand.ai/,C,catalog-0602
Spring Brand,https://springbrand.ai/,C,catalog-0603
Spring Brand,https://springbrand.ai/,C,catalog-0604
Spring Brand,https://springbrand.ai/,C,catalog-0605
Spring Brand,https://springbrand.ai/,C,catalog-0606
Spring Brand,https://springbrand.ai/,C,catalog-0607
Spring Brand,https://springbrand.ai/,C,catalog-0608
Spring Brand,https://springbrand.ai/,C,catalog-0609
Spring Brand,https://springbrand.ai/,C,catalog-0610
Spring Brand,https://springbrand.ai/,C,catalog-0611
Spring Brand,https://springbrand.ai/,C,catalog-0612
Spring Brand,https://springbrand.ai/,C,catalog-0613
Spring Brand,https://springbrand.ai/,C,catalog-0614
Spring Brand,https://springbrand.ai/,C,catalog-0615
Spring Brand,https://springbrand.ai/,C,catalog-0616
Spring Brand,https://springbrand.ai/,C,catalog-0617
Spring Brand,https://springbrand.ai/,C,catalog-0618
Spring Brand,https://springbrand.ai/,C,catalog-0619
Spring Brand,https://springbrand.ai/,C,catalog-0620
Spring Brand,https://springbrand.ai/,C,catalog-0621
Spring Brand,https://springbrand.ai/,C,catalog-0622
Spring Brand,https://springbrand.ai/,C,catalog-0623
Spring Brand,https://springbrand.ai/,C,catalog-0624
Spring Brand,https://springbrand.ai/,C,catalog-0625
Spring Brand,https://springbrand.ai/,C,catalog-0626
Spring Brand,https://springbrand.ai/,C,catalog-0627
Spring Brand,https://springbrand.ai/,C,catalog-0628
Spring Brand,https://springbrand.ai/,C,catalog-0629
Spring Brand,https://springbrand.ai/,C,catalog-0630
Spring Brand,https://springbrand.ai/,C,catalog-0631
Spring Brand,https://springbrand.ai/,C,catalog-0632
Spring Brand,https://springbrand.ai/,C,catalog-0633
Spring Brand,https://springbrand.ai/,C,catalog-0634
Spring Brand,https://springbrand.ai/,C,catalog-0635
Spring Brand,https://springbrand.ai/,C,catalog-0636
Spring Brand,https://springbrand.ai/,C,catalog-0637
Spring Brand,https://springbrand.ai/,C,catalog-0638
Spring Brand,https://springbrand.ai/,C,catalog-0639
Spring Brand,https://springbrand.ai/,C,catalog-0640
Spring Brand,https://springbrand.ai/,C,catalog-0641
Spring Brand,https://springbrand.ai/,C,catalog-0642
Spring Brand,https://springbrand.ai/,C,catalog-0643
Spring Brand,https://springbrand.ai/,C,catalog-0644
Spring Brand,https://springbrand.ai/,C,catalog-0645
Spring Brand,https://springbrand.ai/,C,catalog-0646
Spring Brand,https://springbrand.ai/,C,catalog-0647
Spring Brand,https://springbrand.ai/,C,catalog-0648
Spring Brand,https://springbrand.ai/,C,catalog-0649
Spring Brand,https://springbrand.ai/,C,catalog-0650
Spring Brand,https://springbrand.ai/,C,catalog-0651
Spring Brand,https://springbrand.ai/,C,catalog-0652
Spring Brand,https://springbrand.ai/,C,catalog-0653
Spring Brand,https://springbrand.ai/,C,catalog-0654
Spring Brand,https://springbrand.ai/,C,catalog-0655
Spring Brand,https://springbrand.ai/,C,catalog-0656
Spring Brand,https://springbrand.ai/,C,catalog-0657
Spring Brand,https://springbrand.ai/,C,catalog-0658
Spring Brand,https://springbrand.ai/,C,catalog-0659
Spring Brand,https://springbrand.ai/,C,catalog-0660
Spring Brand,https://springbrand.ai/,C,catalog-0661
Spring Brand,https://springbrand.ai/,C,catalog-0662
Spring Brand,https://springbrand.ai/,C,catalog-0663
Spring Brand,https://springbrand.ai/,C,catalog-0664
Spring Brand,https://springbrand.ai/,C,catalog-0665
Spring Brand,https://springbrand.ai/,C,catalog-0666
Spring Brand,https://springbrand.ai/,C,catalog-0667
Spring Brand,https://springbrand.ai/,C,catalog-0668
Spring Brand,https://springbrand.ai/,C,catalog-0669
Spring Brand,https://springbrand.ai/,C,catalog-0670
Spring Brand,https://springbrand.ai/,C,catalog-0671
Spring Brand,https://springbrand.ai/,C,catalog-0672
Spring Brand,https://springbrand.ai/,C,catalog-0673
Spring Brand,https://springbrand.ai/,C,catalog-0674
Spring Brand,https://springbrand.ai/,C,catalog-0675
Spring Brand,https://springbrand.ai/,C,catalog-0676
Spring Brand,https://springbrand.ai/,C,catalog-0677
Spring Brand,https://springbrand.ai/,C,catalog-0678
Spring Brand,https://springbrand.ai/,C,catalog-0679
Spring Brand,https://springbrand.ai/,C,catalog-0680
Spring Brand,https://springbrand.ai/,C,catalog-0681
Spring Brand,https://springbrand.ai/,C,catalog-0682
Spring Brand,https://springbrand.ai/,C,catalog-0683
Spring Brand,https://springbrand.ai/,C,catalog-0684
Spring Brand,https://springbrand.ai/,C,catalog-0685
Spring Brand,https://springbrand.ai/,C,catalog-0686
Spring Brand,https://springbrand.ai/,C,catalog-0687
Spring Brand,https://springbrand.ai/,C,catalog-0688
Spring Brand,https://springbrand.ai/,D,catalog-0689
Spring Brand,https://springbrand.ai/,D,catalog-0690
Spring Brand,https://springbrand.ai/,D,catalog-0691
Spring Brand,https://springbrand.ai/,D,catalog-0692
Spring Brand,https://springbrand.ai/,D,catalog-0693
Spring Brand,https://springbrand.ai/,D,catalog-0694
Spring Brand,https://springbrand.ai/,D,catalog-0695
Spring Brand,https://springbrand.ai/,D,catalog-0696
Spring Brand,https://springbrand.ai/,D,catalog-0697
Spring Brand,https://springbrand.ai/,D,catalog-0698
Spring Brand,https://springbrand.ai/,D,catalog-0699
Spring Brand,https://springbrand.ai/,D,catalog-0700
Spring Brand,https://springbrand.ai/,D,catalog-0701
Spring Brand,https://springbrand.ai/,D,catalog-0702
Spring Brand,https://springbrand.ai/,D,catalog-0703
Spring Brand,https://springbrand.ai/,D,catalog-0704
Spring Brand,https://springbrand.ai/,D,catalog-0705
Spring Brand,https://springbrand.ai/,D,catalog-0706
Spring Brand,https://springbrand.ai/,D,catalog-0707
Spring Brand,https://springbrand.ai/,D,catalog-0708
Spring Brand,https://springbrand.ai/,D,catalog-0709
Spring Brand,https://springbrand.ai/,D,catalog-0710
Spring Brand,https://springbrand.ai/,D,catalog-0711
Spring Brand,https://springbrand.ai/,D,catalog-0712
Spring Brand,https://springbrand.ai/,D,catalog-0713
Spring Brand,https://springbrand.ai/,D,catalog-0714
Spring Brand,https://springbrand.ai/,D,catalog-0715
Spring Brand,https://springbrand.ai/,D,catalog-0716
Spring Brand,https://springbrand.ai/,D,catalog-0717
Spring Brand,https://springbrand.ai/,D,catalog-0718
Spring Brand,https://springbrand.ai/,D,catalog-0719
Spring Brand,https://springbrand.ai/,D,catalog-0720
Spring Brand,https://springbrand.ai/,D,catalog-0721
Spring Brand,https://springbrand.ai/,D,catalog-0722
Spring Brand,https://springbrand.ai/,D,catalog-0723
Spring Brand,https://springbrand.ai/,D,catalog-0724
Spring Brand,https://springbrand.ai/,D,catalog-0725
Spring Brand,https://springbrand.ai/,D,catalog-0726
Spring Brand,https://springbrand.ai/,D,catalog-0727
Spring Brand,https://springbrand.ai/,D,catalog-0728
Spring Brand,https://springbrand.ai/,D,catalog-0729
Spring Brand,https://springbrand.ai/,D,catalog-0730
Spring Brand,https://springbrand.ai/,D,catalog-0731
Spring Brand,https://springbrand.ai/,D,catalog-0732
Spring Brand,https://springbrand.ai/,D,catalog-0733
Spring Brand,https://springbrand.ai/,D,catalog-0734
Spring Brand,https://springbrand.ai/,D,catalog-0735
Spring Brand,https://springbrand.ai/,D,catalog-0736
Spring Brand,https://springbrand.ai/,D,catalog-0737
Spring Brand,https://springbrand.ai/,D,catalog-0738
Spring Brand,https://springbrand.ai/,D,catalog-0739
Spring Brand,https://springbrand.ai/,D,catalog-0740
Spring Brand,https://springbrand.ai/,D,catalog-0741
Spring Brand,https://springbrand.ai/,D,catalog-0742
Spring Brand,https://springbrand.ai/,D,catalog-0743
Spring Brand,https://springbrand.ai/,D,catalog-0744
Spring Brand,https://springbrand.ai/,D,catalog-0745
Spring Brand,https://springbrand.ai/,E,catalog-0746
Spring Brand,https://springbrand.ai/,E,catalog-0747
Spring Brand,https://springbrand.ai/,E,catalog-0748
Spring Brand,https://springbrand.ai/,E,catalog-0749
Spring Brand,https://springbrand.ai/,E,catalog-0750
Spring Brand,https://springbrand.ai/,E,catalog-0751
Spring Brand,https://springbrand.ai/,E,catalog-0752
Spring Brand,https://springbrand.ai/,E,catalog-0753
Spring Brand,https://springbrand.ai/,E,catalog-0754
Spring Brand,https://springbrand.ai/,E,catalog-0755
Spring Brand,https://springbrand.ai/,E,catalog-0756
Spring Brand,https://springbrand.ai/,E,catalog-0757
Spring Brand,https://springbrand.ai/,E,catalog-0758
Spring Brand,https://springbrand.ai/,E,catalog-0759
Spring Brand,https://springbrand.ai/,E,catalog-0760
Spring Brand,https://springbrand.ai/,E,catalog-0761
Spring Brand,https://springbrand.ai/,E,catalog-0762
Spring Brand,https://springbrand.ai/,E,catalog-0763
Spring Brand,https://springbrand.ai/,E,catalog-0764
Spring Brand,https://springbrand.ai/,E,catalog-0765
Spring Brand,https://springbrand.ai/,E,catalog-0766
Spring Brand,https://springbrand.ai/,E,catalog-0767
Spring Brand,https://springbrand.ai/,E,catalog-0768
Spring Brand,https://springbrand.ai/,E,catalog-0769
Spring Brand,https://springbrand.ai/,E,catalog-0770
Spring Brand,https://springbrand.ai/,E,catalog-0771
Spring Brand,https://springbrand.ai/,E,catalog-0772
Spring Brand,https://springbrand.ai/,E,catalog-0773
Spring Brand,https://springbrand.ai/,E,catalog-0774
Spring Brand,https://springbrand.ai/,E,catalog-0775
Spring Brand,https://springbrand.ai/,E,catalog-0776
Spring Brand,https://springbrand.ai/,E,catalog-0777
Spring Brand,https://springbrand.ai/,E,catalog-0778
Spring Brand,https://springbrand.ai/,E,catalog-0779
Spring Brand,https://springbrand.ai/,E,catalog-0780
Spring Brand,https://springbrand.ai/,E,catalog-0781
Spring Brand,https://springbrand.ai/,E,catalog-0782
Spring Brand,https://springbrand.ai/,E,catalog-0783
Spring Brand,https://springbrand.ai/,E,catalog-0784
Spring Brand,https://springbrand.ai/,E,catalog-0785
Spring Brand,https://springbrand.ai/,E,catalog-0786
Spring Brand,https://springbrand.ai/,E,catalog-0787
Spring Brand,https://springbrand.ai/,E,catalog-0788
Spring Brand,https://springbrand.ai/,E,catalog-0789
Spring Brand,https://springbrand.ai/,E,catalog-0790
Spring Brand,https://springbrand.ai/,E,catalog-0791
Spring Brand,https://springbrand.ai/,E,catalog-0792
Spring Brand,https://springbrand.ai/,E,catalog-0793
Spring Brand,https://springbrand.ai/,E,catalog-0794
Spring Brand,https://springbrand.ai/,E,catalog-0795
Spring Brand,https://springbrand.ai/,E,catalog-0796
Spring Brand,https://springbrand.ai/,E,catalog-0797
Spring Brand,https://springbrand.ai/,E,catalog-0798
Spring Brand,https://springbrand.ai/,E,catalog-0799
Spring Brand,https://springbrand.ai/,E,catalog-0800
Spring Brand,https://springbrand.ai/,E,catalog-0801
Spring Brand,https://springbrand.ai/,E,catalog-0802
Spring Brand,https://springbrand.ai/,E,catalog-0803
Spring Brand,https://springbrand.ai/,E,catalog-0804
Spring Brand,https://springbrand.ai/,E,catalog-0805
Spring Brand,https://springbrand.ai/,E,catalog-0806
Spring Brand,https://springbrand.ai/,E,catalog-0807
Spring Brand,https://springbrand.ai/,E,catalog-0808
Spring Brand,https://springbrand.ai/,E,catalog-0809
Spring Brand,https://springbrand.ai/,E,catalog-0810
Spring Brand,https://springbrand.ai/,E,catalog-0811
Spring Brand,https://springbrand.ai/,E,catalog-0812
Spring Brand,https://springbrand.ai/,E,catalog-0813
Spring Brand,https://springbrand.ai/,E,catalog-0814
Spring Brand,https://springbrand.ai/,E,catalog-0815
Spring Brand,https://springbrand.ai/,E,catalog-0816
Spring Brand,https://springbrand.ai/,E,catalog-0817
Spring Brand,https://springbrand.ai/,E,catalog-0818
Spring Brand,https://springbrand.ai/,E,catalog-0819
Spring Brand,https://springbrand.ai/,E,catalog-0820
Spring Brand,https://springbrand.ai/,E,catalog-0821
Spring Brand,https://springbrand.ai/,E,catalog-0822
Spring Brand,https://springbrand.ai/,E,catalog-0823
Spring Brand,https://springbrand.ai/,E,catalog-0824
Spring Brand,https://springbrand.ai/,E,catalog-0825
Spring Brand,https://springbrand.ai/,E,catalog-0826
Spring Brand,https://springbrand.ai/,E,catalog-0827
Spring Brand,https://springbrand.ai/,E,catalog-0828
Spring Brand,https://springbrand.ai/,E,catalog-0829
Spring Brand,https://springbrand.ai/,E,catalog-0830
Spring Brand,https://springbrand.ai/,E,catalog-0831
Spring Brand,https://springbrand.ai/,E,catalog-0832
Spring Brand,https://springbrand.ai/,E,catalog-0833
Spring Brand,https://springbrand.ai/,E,catalog-0834
Spring Brand,https://springbrand.ai/,E,catalog-0835
Spring Brand,https://springbrand.ai/,E,catalog-0836
Spring Brand,https://springbrand.ai/,E,catalog-0837
Spring Brand,https://springbrand.ai/,E,catalog-0838
Spring Brand,https://springbrand.ai/,E,catalog-0839
Spring Brand,https://springbrand.ai/,E,catalog-0840
Spring Brand,https://springbrand.ai/,E,catalog-0841
Spring Brand,https://springbrand.ai/,E,catalog-0842
Spring Brand,https://springbrand.ai/,E,catalog-0843
Spring Brand,https://springbrand.ai/,E,catalog-0844
Spring Brand,https://springbrand.ai/,E,catalog-0845
Spring Brand,https://springbrand.ai/,E,catalog-0846
Spring Brand,https://springbrand.ai/,E,catalog-0847
Spring Brand,https://springbrand.ai/,E,catalog-0848
Spring Brand,https://springbrand.ai/,E,catalog-0849
Spring Brand,https://springbrand.ai/,E,catalog-0850
Spring Brand,https://springbrand.ai/,E,catalog-0851
Spring Brand,https://springbrand.ai/,E,catalog-0852
Spring Brand,https://springbrand.ai/,E,catalog-0853
Spring Brand,https://springbrand.ai/,E,catalog-0854
Spring Brand,https://springbrand.ai/,E,catalog-0855
Spring Brand,https://springbrand.ai/,E,catalog-0856
Spring Brand,https://springbrand.ai/,E,catalog-0857
Spring Brand,https://springbrand.ai/,E,catalog-0858
Spring Brand,https://springbrand.ai/,E,catalog-0859
Spring Brand,https://springbrand.ai/,E,catalog-0860
Spring Brand,https://springbrand.ai/,E,catalog-0861
Spring Brand,https://springbrand.ai/,E,catalog-0862
Spring Brand,https://springbrand.ai/,E,catalog-0863
Spring Brand,https://springbrand.ai/,E,catalog-0864
Spring Brand,https://springbrand.ai/,E,catalog-0865
Spring Brand,https://springbrand.ai/,E,catalog-0866
Spring Brand,https://springbrand.ai/,E,catalog-0867
Spring Brand,https://springbrand.ai/,E,catalog-0868
Spring Brand,https://springbrand.ai/,E,catalog-0869
Spring Brand,https://springbrand.ai/,E,catalog-0870
Spring Brand,https://springbrand.ai/,E,catalog-0871
Spring Brand,https://springbrand.ai/,E,catalog-0872
Spring Brand,https://springbrand.ai/,E,catalog-0873
Spring Brand,https://springbrand.ai/,E,catalog-0874
Spring Brand,https://springbrand.ai/,E,catalog-0875
Spring Brand,https://springbrand.ai/,E,catalog-0876
Spring Brand,https://springbrand.ai/,E,catalog-0877
Spring Brand,https://springbrand.ai/,E,catalog-0878
Spring Brand,https://springbrand.ai/,E,catalog-0879
Spring Brand,https://springbrand.ai/,E,catalog-0880
Spring Brand,https://springbrand.ai/,E,catalog-0881
Spring Brand,https://springbrand.ai/,E,catalog-0882
Spring Brand,https://springbrand.ai/,E,catalog-0883
Spring Brand,https://springbrand.ai/,E,catalog-0884
Spring Brand,https://springbrand.ai/,E,catalog-0885
Spring Brand,https://springbrand.ai/,E,catalog-0886
Spring Brand,https://springbrand.ai/,E,catalog-0887
Spring Brand,https://springbrand.ai/,E,catalog-0888
Spring Brand,https://springbrand.ai/,E,catalog-0889
Spring Brand,https://springbrand.ai/,E,catalog-0890
Spring Brand,https://springbrand.ai/,E,catalog-0891
Spring Brand,https://springbrand.ai/,E,catalog-0892
Spring Brand,https://springbrand.ai/,E,catalog-0893
Spring Brand,https://springbrand.ai/,E,catalog-0894
Spring Brand,https://springbrand.ai/,E,catalog-0895
Spring Brand,https://springbrand.ai/,E,catalog-0896
Spring Brand,https://springbrand.ai/,E,catalog-0897
Spring Brand,https://springbrand.ai/,E,catalog-0898
Spring Brand,https://springbrand.ai/,E,catalog-0899
Spring Brand,https://springbrand.ai/,E,catalog-0900
Spring Brand,https://springbrand.ai/,E,catalog-0901
Spring Brand,https://springbrand.ai/,E,catalog-0902
Spring Brand,https://springbrand.ai/,E,catalog-0903
Spring Brand,https://springbrand.ai/,E,catalog-0904
Spring Brand,https://springbrand.ai/,E,catalog-0905
Spring Brand,https://springbrand.ai/,E,catalog-0906
Spring Brand,https://springbrand.ai/,E,catalog-0907
Spring Brand,https://springbrand.ai/,E,catalog-0908
Spring Brand,https://springbrand.ai/,E,catalog-0909
Spring Brand,https://springbrand.ai/,E,catalog-0910
Spring Brand,https://springbrand.ai/,E,catalog-0911
Spring Brand,https://springbrand.ai/,E,catalog-0912
Spring Brand,https://springbrand.ai/,E,catalog-0913
Spring Brand,https://springbrand.ai/,E,catalog-0914
Spring Brand,https://springbrand.ai/,E,catalog-0915
Spring Brand,https://springbrand.ai/,E,catalog-0916
Spring Brand,https://springbrand.ai/,E,catalog-0917
Spring Brand,https://springbrand.ai/,E,catalog-0918
Spring Brand,https://springbrand.ai/,E,catalog-0919
Spring Brand,https://springbrand.ai/,E,catalog-0920
Spring Brand,https://springbrand.ai/,E,catalog-0921
Spring Brand,https://springbrand.ai/,E,catalog-0922
Spring Brand,https://springbrand.ai/,E,catalog-0923
Spring Brand,https://springbrand.ai/,E,catalog-0924
Spring Brand,https://springbrand.ai/,E,catalog-0925
Spring Brand,https://springbrand.ai/,E,catalog-0926
Spring Brand,https://springbrand.ai/,E,catalog-0927
Spring Brand,https://springbrand.ai/,E,catalog-0928
Spring Brand,https://springbrand.ai/,E,catalog-0929
Spring Brand,https://springbrand.ai/,E,catalog-0930
Spring Brand,https://springbrand.ai/,E,catalog-0931
Spring Brand,https://springbrand.ai/,E,catalog-0932
Spring Brand,https://springbrand.ai/,E,catalog-0933
Spring Brand,https://springbrand.ai/,E,catalog-0934
Spring Brand,https://springbrand.ai/,E,catalog-0935
Spring Brand,https://springbrand.ai/,E,catalog-0936
Spring Brand,https://springbrand.ai/,E,catalog-0937
Spring Brand,https://springbrand.ai/,E,catalog-0938
Spring Brand,https://springbrand.ai/,E,catalog-0939
Spring Brand,https://springbrand.ai/,E,catalog-0940
Spring Brand,https://springbrand.ai/,E,catalog-0941
Spring Brand,https://springbrand.ai/,E,catalog-0942
Spring Brand,https://springbrand.ai/,E,catalog-0943
Spring Brand,https://springbrand.ai/,E,catalog-0944
Spring Brand,https://springbrand.ai/,E,catalog-0945
Spring Brand,https://springbrand.ai/,E,catalog-0946
Spring Brand,https://springbrand.ai/,E,catalog-0947
Spring Brand,https://springbrand.ai/,E,catalog-0948
Spring Brand,https://springbrand.ai/,E,catalog-0949
Spring Brand,https://springbrand.ai/,E,catalog-0950
Spring Brand,https://springbrand.ai/,E,catalog-0951
Spring Brand,https://springbrand.ai/,E,catalog-0952
Spring Brand,https://springbrand.ai/,E,catalog-0953
Spring Brand,https://springbrand.ai/,E,catalog-0954
Spring Brand,https://springbrand.ai/,E,catalog-0955
Spring Brand,https://springbrand.ai/,E,catalog-0956
Spring Brand,https://springbrand.ai/,E,catalog-0957
Spring Brand,https://springbrand.ai/,E,catalog-0958
Spring Brand,https://springbrand.ai/,E,catalog-0959
Spring Brand,https://springbrand.ai/,E,catalog-0960
Spring Brand,https://springbrand.ai/,E,catalog-0961
Spring Brand,https://springbrand.ai/,E,catalog-0962
Spring Brand,https://springbrand.ai/,E,catalog-0963
Spring Brand,https://springbrand.ai/,E,catalog-0964
Spring Brand,https://springbrand.ai/,E,catalog-0965
Spring Brand,https://springbrand.ai/,E,catalog-0966
Spring Brand,https://springbrand.ai/,E,catalog-0967
Spring Brand,https://springbrand.ai/,E,catalog-0968
Spring Brand,https://springbrand.ai/,E,catalog-0969
Spring Brand,https://springbrand.ai/,E,catalog-0970
Spring Brand,https://springbrand.ai/,E,catalog-0971
Spring Brand,https://springbrand.ai/,E,catalog-0972
Spring Brand,https://springbrand.ai/,E,catalog-0973
Spring Brand,https://springbrand.ai/,E,catalog-0974
Spring Brand,https://springbrand.ai/,E,catalog-0975
Spring Brand,https://springbrand.ai/,E,catalog-0976
Spring Brand,https://springbrand.ai/,E,catalog-0977
Spring Brand,https://springbrand.ai/,E,catalog-0978
Spring Brand,https://springbrand.ai/,E,catalog-0979
Spring Brand,https://springbrand.ai/,E,catalog-0980
Spring Brand,https://springbrand.ai/,E,catalog-0981
Spring Brand,https://springbrand.ai/,E,catalog-0982
Spring Brand,https://springbrand.ai/,E,catalog-0983
Spring Brand,https://springbrand.ai/,E,catalog-0984
Spring Brand,https://springbrand.ai/,E,catalog-0985
Spring Brand,https://springbrand.ai/,E,catalog-0986
Spring Brand,https://springbrand.ai/,E,catalog-0987
Spring Brand,https://springbrand.ai/,E,catalog-0988
Spring Brand,https://springbrand.ai/,E,catalog-0989
Spring Brand,https://springbrand.ai/,E,catalog-0990
Spring Brand,https://springbrand.ai/,E,catalog-0991
Spring Brand,https://springbrand.ai/,E,catalog-0992
Spring Brand,https://springbrand.ai/,E,catalog-0993
Spring Brand,https://springbrand.ai/,E,catalog-0994
Spring Brand,https://springbrand.ai/,E,catalog-0995
Spring Brand,https://springbrand.ai/,E,catalog-0996
Spring Brand,https://springbrand.ai/,E,catalog-0997
Spring Brand,https://springbrand.ai/,F,catalog-0998
Spring Brand,https://springbrand.ai/,F,catalog-0999
Spring Brand,https://springbrand.ai/,F,catalog-1000
Spring Brand,https://springbrand.ai/,F,catalog-1001
Spring Brand,https://springbrand.ai/,F,catalog-1002
Spring Brand,https://springbrand.ai/,F,catalog-1003
Spring Brand,https://springbrand.ai/,F,catalog-1004
Spring Brand,https://springbrand.ai/,F,catalog-1005
Spring Brand,https://springbrand.ai/,F,catalog-1006
Spring Brand,https://springbrand.ai/,F,catalog-1007
Spring Brand,https://springbrand.ai/,F,catalog-1008
Spring Brand,https://springbrand.ai/,F,catalog-1009
Spring Brand,https://springbrand.ai/,F,catalog-1010
Spring Brand,https://springbrand.ai/,F,catalog-1011
Spring Brand,https://springbrand.ai/,F,catalog-1012
Spring Brand,https://springbrand.ai/,F,catalog-1013
Spring Brand,https://springbrand.ai/,F,catalog-1014
Spring Brand,https://springbrand.ai/,F,catalog-1015
Spring Brand,https://springbrand.ai/,F,catalog-1016
Spring Brand,https://springbrand.ai/,F,catalog-1017
Spring Brand,https://springbrand.ai/,F,catalog-1018
Spring Brand,https://springbrand.ai/,F,catalog-1019
Spring Brand,https://springbrand.ai/,F,catalog-1020
Spring Brand,https://springbrand.ai/,F,catalog-1021
Spring Brand,https://springbrand.ai/,F,catalog-1022
Spring Brand,https://springbrand.ai/,F,catalog-1023
Spring Brand,https://springbrand.ai/,F,catalog-1024
Spring Brand,https://springbrand.ai/,F,catalog-1025
Spring Brand,https://springbrand.ai/,F,catalog-1026
Spring Brand,https://springbrand.ai/,F,catalog-1027
Spring Brand,https://springbrand.ai/,F,catalog-1028
Spring Brand,https://springbrand.ai/,F,catalog-1029
Spring Brand,https://springbrand.ai/,F,catalog-1030
Spring Brand,https://springbrand.ai/,F,catalog-1031
Spring Brand,https://springbrand.ai/,F,catalog-1032
Spring Brand,https://springbrand.ai/,F,catalog-1033
Spring Brand,https://springbrand.ai/,F,catalog-1034
Spring Brand,https://springbrand.ai/,F,catalog-1035
Spring Brand,https://springbrand.ai/,F,catalog-1036
Spring Brand,https://springbrand.ai/,F,catalog-1037
Spring Brand,https://springbrand.ai/,F,catalog-1038
Spring Brand,https://springbrand.ai/,F,catalog-1039
Spring Brand,https://springbrand.ai/,F,catalog-1040
Spring Brand,https://springbrand.ai/,F,catalog-1041
Spring Brand,https://springbrand.ai/,F,catalog-1042
Spring Brand,https://springbrand.ai/,F,catalog-1043
Spring Brand,https://springbrand.ai/,F,catalog-1044
Spring Brand,https://springbrand.ai/,F,catalog-1045
Spring Brand,https://springbrand.ai/,F,catalog-1046
Spring Brand,https://springbrand.ai/,F,catalog-1047
Spring Brand,https://springbrand.ai/,F,catalog-1048
Spring Brand,https://springbrand.ai/,F,catalog-1049
Spring Brand,https://springbrand.ai/,F,catalog-1050
Spring Brand,https://springbrand.ai/,F,catalog-1051
Spring Brand,https://springbrand.ai/,F,catalog-1052
Spring Brand,https://springbrand.ai/,F,catalog-1053
Spring Brand,https://springbrand.ai/,F,catalog-1054
Spring Brand,https://springbrand.ai/,F,catalog-1055
Spring Brand,https://springbrand.ai/,F,catalog-1056
Spring Brand,https://springbrand.ai/,F,catalog-1057
Spring Brand,https://springbrand.ai/,F,catalog-1058
Spring Brand,https://springbrand.ai/,F,catalog-1059
Spring Brand,https://springbrand.ai/,F,catalog-1060
Spring Brand,https://springbrand.ai/,F,catalog-1061
Spring Brand,https://springbrand.ai/,F,catalog-1062
Spring Brand,https://springbrand.ai/,F,catalog-1063
Spring Brand,https://springbrand.ai/,F,catalog-1064
Spring Brand,https://springbrand.ai/,F,catalog-1065
Spring Brand,https://springbrand.ai/,F,catalog-1066
Spring Brand,https://springbrand.ai/,F,catalog-1067
Spring Brand,https://springbrand.ai/,F,catalog-1068
Spring Brand,https://springbrand.ai/,F,catalog-1069
Spring Brand,https://springbrand.ai/,F,catalog-1070
Spring Brand,https://springbrand.ai/,F,catalog-1071
Spring Brand,https://springbrand.ai/,F,catalog-1072
Spring Brand,https://springbrand.ai/,F,catalog-1073
Spring Brand,https://springbrand.ai/,F,catalog-1074
Spring Brand,https://springbrand.ai/,F,catalog-1075
Spring Brand,https://springbrand.ai/,F,catalog-1076
Spring Brand,https://springbrand.ai/,F,catalog-1077
Spring Brand,https://springbrand.ai/,F,catalog-1078
Spring Brand,https://springbrand.ai/,F,catalog-1079
Spring Brand,https://springbrand.ai/,F,catalog-1080
Spring Brand,https://springbrand.ai/,F,catalog-1081
Spring Brand,https://springbrand.ai/,F,catalog-1082
